,Global_mean,Spatial_extent,Duration,Max,Max_spatial,Temp_sum,Pseudo_Russo,Pop_unique,Global_mean_pop,Duration_pop,Max_pop,Max_spatial_pop,Spatial_extent_pop,Temp_sum_pop,Pseudo_Russo_pop,Temp_sum_pop_NL,Pseudo_Russo_pop_NL,Multi_index_temp,Multi_index_Russo,Multi_index_temp_NL,Multi_index_Russo_NL,extreme_bool,TotalDeaths,Impact_fct
0,3.4505577014925963,56353.70592609038,4.0,9.540321718346725,537632.4845560045,10610.464932089733,3887.512106874852,7084904.68014458,30984.629161487734,35918.40142025136,67592269.99239969,3809074906028.595,399260634859.2491,75174132655.8725,27542652720.116356,403124163861.3315,162722742471.14474,795340.1209705982,315703.31050358445,183691636.696434,78806290.64105956,0.0,0.0,0.0
1,4.523297860332342,337383.03571779805,7.0,9.695921983145112,3271239.5927564306,69907.56843143635,25301.01450137294,42136542.406761624,49084.76232560079,75960.80269053088,408552627.81544626,137838725822858.97,14216154591844.969,2945663221764.8076,1066097270471.1918,15096155678037.22,6562667583599.255,7824697.449469172,3560197.411375185,1994055387.4090269,895993264.9375033,0.0,0.0,0.0
2,4.177858928598839,70483.71704067287,4.0,7.893789226645234,556383.6062295747,10331.84513042493,4203.2353576095975,9348810.206257552,50138.65236455593,48004.16023752273,73797537.28810687,5201524736513.431,658938893244.8119,96590459204.78897,39295249610.52322,354178933430.1948,151753449278.8941,1271692.9171868968,550065.8275480252,241997505.22752744,104076218.95398979,0.0,0.0,0.0
3,4.00007208410798,305628.8762599924,5.0,8.99207894052713,2748238.98183445,62045.11809659888,21257.02497094736,20424255.682050582,21138.032339574213,26422.064271734256,183656519.3945086,56130735640365.164,6242242312551.885,1267225355827.9592,434158913046.36273,7342289634804.643,2585438053627.8203,3243480.159074943,1160803.9937702913,1259933079.264021,443304167.09792686,0.0,0.0,0.0
4,4.9405658107307335,257461.8482082408,5.0,11.293822685189141,2907728.461864953,61060.45285482114,19670.610477904942,40263302.040378295,64210.29486372433,64982.73408711797,454726593.96424663,117074749311473.2,10366264158282.428,2458495456015.9424,792003730990.5167,16152471577435.469,5558962158510.677,7645954.204327633,2724491.859788455,1962081903.4844985,699947210.0803782,0.0,0.0,0.0
5,4.482178345454983,140835.53346875496,4.0,8.818692296833593,1241985.234121359,19264.402528765517,7721.9612291614185,9879208.121463418,29227.968786974478,26083.71781244467,87121696.55956532,12269830611669.373,1391343546035.157,190317041917.3207,76286862088.75713,690874070945.4323,337491522092.9241,1003731.4970326646,494640.1705326363,405584976.6149277,193794949.5077378,0.0,0.0,0.0
6,3.8157527410627456,256784.86771520114,4.0,8.582454536537407,2203844.452836486,41210.12960347765,15865.176654790408,18334707.854019772,23304.700782998203,24429.990478374115,157356796.59782,40406844198459.03,4708075530891.326,755575686906.0544,290883379017.9968,1473842065686.8901,588838004168.04,2269032.5536943595,916495.0206817623,347927275.09936637,140656387.17524552,0.0,0.0,0.0
7,3.9769019562400665,186385.71306897298,5.0,10.65483247239494,1985908.5479977792,37879.99113318663,12793.293738890832,4839151.761042732,7447.690443124382,9363.683748147701,51560351.32240526,9610112847313.268,901948751630.9259,183307025800.44315,61908689926.09052,225900115502.2004,83727255095.50594,779376.0642616199,333208.10935223976,181152000.2233856,78946184.41141264,0.0,0.0,0.0
8,2.9651696208999776,98951.243447194,5.0,12.095244531796421,1196839.4862191298,24177.993088818417,7747.335900245178,696585.28674277,972.4545812690968,1639.7958727466337,8425369.380405331,833700776693.022,68927980290.21729,16842034248.639288,5396680199.564843,15203017675.778263,4986104862.502506,32268.507556996363,20376.40946860452,2090489.4981027266,1703601.9852152015,0.0,0.0,0.0
9,3.1514423367103106,47751.858495817265,4.0,10.366699969493439,495029.19001184386,7843.939976071963,3191.4326923183053,2495313.0113946167,10728.287950140646,13616.987783872397,25868161.319101155,1235252778856.692,119155833822.88739,19573085482.890747,7963623522.132019,21614411721.039783,9002985814.807518,236031.91686809759,112535.32696362631,14937054.090695817,7064303.993344474,0.0,0.0,0.0
10,3.2076009861909283,91510.50995473197,7.0,10.412320357474414,952836.7457245206,17802.185473359652,6680.567891531011,4373660.770209697,9872.595777473047,21545.126946845798,45539957.074341655,4167384695189.6084,400235927450.8952,77860720228.83006,29218537709.911694,132256946463.30957,61333451048.91934,444104.5779038077,254172.31196860253,76888677.16838348,41759908.428068854,0.0,0.0,0.0
11,2.6129146256453084,183961.35275006446,4.0,9.472387447564705,1742553.2086267334,35235.15372682698,12050.293338530297,1691804.1093201027,1176.6142403431809,1801.2287562630852,16025424.008862127,2948058679063.6377,311226572538.64404,59610977867.57142,20386735788.638214,112683510957.90909,36720668573.65277,152434.83260980854,50591.279988758884,85448177.03124452,27165196.187700327,0.0,0.0,0.0
12,3.8515341762191886,158759.14436453336,6.0,11.043353207219495,1753233.3060934923,38546.15403560164,10360.523719471636,5991090.667642701,9971.862774094081,15534.375110568802,66161730.33925481,10503779698337.082,951140428205.2963,230933503716.21106,62070836967.61736,746682171912.6891,196904923077.38818,1074898.8198960414,298254.0076978889,451524886.17551863,112588556.27243623,0.0,0.0,0.0
13,3.641836809971674,68226.32902276046,4.0,6.12938081537861,418185.15221581684,10317.323682649752,3712.940204882655,5420645.674948287,24103.915693333845,26474.459950907385,33225201.606993068,2266833536686.259,369830755334.82526,55926555997.39691,20126533262.93877,454233070351.59033,174271315306.05588,617965.080883994,236718.5922802809,277785291.4425999,106054330.3993936,0.0,0.0,0.0
14,4.172975263977411,560443.8753811346,7.0,9.170771089450557,5139702.48960494,119714.31437298395,39024.703477451665,21429889.962757237,12444.531133362614,20875.20591974682,196528615.32056075,110143258793543.28,12010250579718.943,2565464583979.973,836295101351.0189,4504891843362.562,1882128438441.2378,2915468.7224292317,1378408.5094043843,692335320.0825459,324844869.6541384,0.0,0.0,0.0
15,3.8008759108017482,1115293.996958581,8.0,10.451828613864441,11656861.710282939,370000.066412907,113270.48517651836,31506451.262218352,7225.299362701525,15207.651146237891,329300028.8237792,367266345345448.7,35138955958220.24,11657389059455.807,3568751020661.802,25208755866769.215,8362200032449.39,6795584.375775298,2355186.15069514,2215871721.5009875,757910028.1605933,0.0,0.0,0.0
16,3.048527944260741,41157.3707407893,4.0,8.196928052867543,337364.00680744566,7350.000873612647,2504.269933399729,984445.8735983421,4387.588823503981,5756.993412855802,8069431.997827945,332116604402.1929,40517203793.92717,7235678030.97218,2465318202.311758,7362282356.883677,2576075103.8598766,90347.11178983828,35009.693771890044,6357464.409162766,2778330.077500953,0.0,0.0,0.0
17,4.507531025044766,633828.7779484297,5.0,13.62134778407033,8633602.219987849,125908.86412257545,42842.95400398563,92610430.05576499,54532.25169419974,60490.15679671129,1261478876.2218947,799561614523482.0,58699155707524.05,11660474054224.592,3967704395168.468,59596455282590.9,23431404641451.938,12938673.797292178,5109844.929018892,2849686144.9781213,1144562236.9338174,0.0,0.0,0.0
18,2.7940513041621946,253648.77308123914,7.0,11.001850860729304,2790605.9724467625,62748.804188874565,19593.081461626116,2594775.829132195,1436.1998394206316,3598.143978590603,28547336.689137634,7240996925936.804,658161705480.2363,162819080416.24075,50839654194.84554,156943714616.27457,49954689849.35081,354751.7284990968,128388.19067827964,35855622.107936844,14030397.749474429,0.0,0.0,0.0
19,3.189479737767145,19271.302025049477,4.0,7.699926051903967,148387.60051678814,4197.355334901563,1311.6967731167158,319487.6559289072,3097.2626293372973,3884.3484003514554,2460031.3251487236,47408006658.02374,6156943110.681061,1341003217.0483937,419070927.33257115,1341003217.0483937,419070927.33257115,35916.93280265637,11393.82779650189,35916.93280265637,11393.82779650189,0.0,0.0,0.0
20,3.124676703576093,146303.69537710975,4.0,11.908718714369355,1742289.5551187801,28159.58645262775,9575.520366192462,2339844.013286193,2725.030219275944,3488.3995725474365,27864544.189726382,4076685784955.742,342327825749.7771,65889039777.79603,22405224002.935448,64949756109.61598,22483388791.690086,244797.3877233572,93366.43671768831,14184079.967427077,6526200.872506704,0.0,0.0,0.0
21,2.6321049292248313,14722.99260494483,5.0,10.472078907446551,154180.3403127343,3919.204239615774,1386.4490129029093,4455.235745504724,36.76065193292054,69.8312812775035,46655.58027820193,686909763.4153769,65594402.93435191,17460978.822269857,6176957.201604782,17460978.822269857,6176957.201604782,536.1851917354194,209.90260246855644,536.1851917354194,209.90260246855644,0.0,0.0,0.0
22,3.4584600492241373,37099.41621436305,4.0,13.156156647586876,488085.7312501848,9400.094413791205,2631.667638423267,58358.98903093231,271.64499606539573,314.18029087985093,767780.0014857496,28484189836.184113,2165084423.9080057,548580006.784169,153581462.84380296,548580006.784169,153581462.84380296,7627.084900452594,2119.8050357348225,7627.084900452594,2119.8050357348225,0.0,0.0,0.0
23,3.778573273642918,93239.49864354938,4.0,9.683822721175448,902914.7754754107,18839.96634238359,6765.9995296248035,7941483.1054701125,23929.406551368524,25331.684546954108,76903914.53658243,7170482435117.314,740459903240.2509,149617274415.66483,53732070956.1341,390862578584.90753,137406684628.96765,1108782.4393944931,391291.19269183435,221165525.66532573,77482867.51145102,0.0,0.0,0.0
24,4.011787410947773,226092.54829431244,4.0,9.759677850264655,2206590.4356978927,41594.211876706504,15388.820607505348,20673304.3700996,30268.94241410845,30180.006379707447,201764790.75264058,45617515697333.23,4674080066699.765,859889802161.5653,318137772315.8191,7178965628083.464,2620363806198.9033,2836699.024545868,1045868.017945263,1176748102.3203726,431500311.8272463,0.0,0.0,0.0
25,3.4492091730034526,62514.03475240427,4.0,11.310817989973586,707084.8689033282,14417.694343154431,4692.936758161328,378493.6082315222,1171.9063064949205,1359.0434765943346,4281072.313075116,267627103357.13354,23661162578.548267,5457005154.319727,1776246566.7988234,5457005154.319727,1776246566.7988234,45424.31253897571,15613.747937521255,45424.31253897571,15613.747937521255,0.0,0.0,0.0
26,1.85794262197959,17984.54956010286,4.0,6.322084054687646,113699.834004666,2415.325408573467,1191.8820764039554,19106.36587035188,101.42437571903693,218.3584670897358,120792.05101197987,2172390627.8914247,343619383.9088012,46148090.952161804,22772535.026088666,46148090.952161804,22772535.026088666,1212.8943963768402,554.5179918508078,1212.8943963768402,554.5179918508078,0.0,0.0,0.0
27,2.8995653093748404,62009.95913529218,4.0,10.814547041978244,670609.6201397658,14370.245673261708,4486.34615116045,804214.3061909539,1733.7337572745323,2391.7154087463314,8697213.446133967,539313850385.6809,49869296262.9184,11556757153.915722,3607983757.287958,32103804061.95452,9272370571.418348,78902.26757239108,23292.245574222252,48611204.20523811,13780401.250278957,0.0,0.0,0.0
28,3.077774382826016,92859.06623198862,4.0,8.901891149115754,826621.299805693,22467.75299462992,6511.6385026712705,895733.1470804141,1510.6107035245077,1963.250733326935,7973718.973964738,740432098318.6559,83176943630.92778,20125111097.705254,5832690448.647733,34517497358.842186,8709648303.961206,109556.40968895474,26657.045843856617,54268518.486019164,12912637.46291088,0.0,0.0,0.0
29,3.2024087715744605,525969.221294977,4.0,12.394821989889078,6519294.870111816,115494.87234683291,35599.03627169489,6161520.064358522,1951.5088418884152,2437.5512073419136,76370944.38485378,40168766147663.54,3240769910244.0283,711623973295.5372,219344176259.87485,844232550274.7605,268099973790.40674,665437.0746873115,222726.45198103593,205949606.5517189,69163682.07160212,0.0,0.0,0.0
30,3.4293935035932717,143436.1475050255,4.0,12.428993685973031,1782766.9716802582,36581.34050282943,11171.210214304043,679087.6801889283,823.7916090591212,960.8598234013841,8440376.489290264,1210655087115.7874,97405720664.4247,24841937660.26772,7586231229.334593,24841937660.26772,7586231229.334593,72304.31187004074,25218.6597726736,72304.31187004074,25218.6597726736,0.0,0.0,0.0
31,4.27231924638218,395615.25957223115,4.0,7.612753015623062,3011721.260335003,60807.919833757565,26155.619866825033,21138353.799730785,21909.217800928123,20512.71596286345,160921066.63420773,63662829547132.4,8362655325410.153,1285379323271.6343,552886746596.215,3066641201946.7456,1401686742929.745,2735890.5630948697,1245886.8699569907,759177712.3440397,357003921.57548225,0.0,0.0,0.0
32,2.866246729522124,26745.512250876112,6.0,13.166196888811152,352136.6801871456,6684.087373245593,2253.2799094506017,104971.64682868781,544.0771056334138,1138.9328769839544,1382077.3698892524,36964367228.03163,2807520466.2513103,701639659.116428,236530502.8610262,701639659.116428,236530502.8610262,11628.483006271124,4786.887703439404,11628.483006271124,4786.887703439404,0.0,0.0,0.0
33,2.695207518271973,19814.95272826596,4.0,6.4982292310108,128762.10502991505,3215.3825692984637,1356.5784376667573,407398.6379071923,3672.320641542561,5450.149002102907,2647369.7375225015,52457506203.25022,8072584751.690955,1309942479.0827224,552668207.7197039,2163188232.8598876,930243108.6841558,38145.5942488953,16459.19003383221,11315529.889355717,4931626.9733892605,0.0,0.0,0.0
34,3.428762404348635,128187.52935441128,4.0,7.56460076988513,969687.4832440523,15786.022109621115,7345.430996297084,6707537.95737455,16787.265674443282,19584.05243029066,50739846.79638926,6504215600650.479,859822718806.7781,105885342496.2375,49269757220.93825,233003543356.1609,100052473467.32101,753715.1905466894,360992.5367417257,173714477.68642977,68645153.95645222,0.0,0.0,0.0
35,4.408843676363133,102875.50597021155,5.0,9.911569194958155,1019657.6958900825,23635.810948982755,7014.876755214607,1415675.827958267,4823.410681510006,5470.15389473828,14031568.92643804,1443504752863.2114,145638367091.00488,33460646234.666233,9930791458.46364,33460646234.666233,9930791458.46364,227102.7517548172,77729.91164508412,227102.7517548172,77729.91164508412,0.0,0.0,0.0
36,3.4254320483028273,1692760.7079300478,18.0,13.720777694658095,23225993.363760244,702586.9419953446,210418.1346741217,36544565.74563118,4176.038387256296,21944.294883285336,501419862.54362255,848783841489529.8,61861204982570.81,25675734693770.832,7689639356671.517,45322750285249.055,22242715693676.43,7236662.78276348,4044216.6885644193,3108129684.5563893,1886547326.4569266,0.0,0.0,0.0
37,3.6690409663930588,45017.342854384435,6.0,8.47258867715541,381413.4293436806,10728.275785733304,4267.882414131268,18188572.353473295,112537.29693945654,184032.77254779052,154104292.17565978,6937365756203.909,818801197668.0853,195132020356.82574,77626688085.54285,6710932405869.56,2846455258063.3677,2932653.733535086,1256654.3331270975,1160440032.0266886,491265682.16910785,0.0,0.0,0.0
38,3.379200099246853,212570.98376563189,6.0,6.238752375643557,1326177.729960724,35082.85543038083,13747.002654851362,9044704.718591982,11719.274188161236,20808.369751361923,56427673.05011022,11994885971867.365,1922641779900.7505,317314068052.8458,124337579778.83063,443356699815.2412,181096557666.49612,1119148.7415445861,522001.9269061832,157585543.12146124,68494706.29663299,0.0,0.0,0.0
39,4.031127632549553,508281.01715317566,5.0,12.923936666191214,6568991.674314892,132926.43368332152,43359.24307739776,11834782.892691586,6404.553677534405,7943.873602289963,152951984.56326932,77742590289415.34,6015395486484.282,1573155483341.8762,513147228212.4431,2247422697328.041,742060899614.7349,2141210.482197991,713916.2388738771,528202105.2635286,172028821.5589713,0.0,0.0,0.0
40,4.279107168227893,1239640.3727129577,10.0,14.137853473397426,17525853.94912357,402137.65434855263,121949.62656482056,47623052.88338908,11570.098618418566,27038.581095434667,673287743.6212115,834634669445665.0,59035459026093.33,19151022779443.16,5807613515005.999,59777418544050.21,20699892486360.14,11332532.769971719,4175716.778169693,4128975767.290484,1466694090.1361852,0.0,0.0,0.0
41,3.0392496850053288,146581.40079819283,4.0,21.0092818912376,3079569.9693817133,31675.060217125538,9745.785705135073,413077.65653749637,403.81027260029754,531.4604780154343,8678464.929168086,1272101546095.4475,60549501533.701,13084259645.174297,4025766320.1938276,13084259645.174297,4025766320.1938276,38870.49592200123,14286.266607877871,38870.49592200123,14286.266607877871,0.0,0.0,0.0
42,5.049477970786174,441894.9410112499,4.0,10.426571099706427,4607449.021054375,110023.07550545993,31917.997165378252,17763433.023793533,16240.46057200454,12865.061034795244,185211697.3974564,81844112096042.47,7849571188206.532,1954387532813.0164,566973204900.8285,4928945349888.059,1453740602066.053,3072764.4728539507,901064.8234106018,924085280.8891329,270807555.5022638,0.0,0.0,0.0
43,3.620799568844958,110921.08361562382,5.0,6.644533721369076,737018.8804948113,17459.495520970388,6314.168889612806,7749886.332856087,20739.678560682005,28639.639071899805,51494381.075439595,5711812549003.632,859625789938.3103,135309105716.53047,48934091180.95538,549460116462.8789,211128409731.36945,925792.861542912,370930.6059034785,319756271.9458775,124211624.51586355,0.0,0.0,0.0
44,3.2398041961595854,24966.159907201938,4.0,7.203990449306902,179855.97752735164,2961.181035289861,1344.1002637273368,7123682.43151018,70795.50991937116,87407.14639889792,51318940.20049471,1281236867313.6846,177850994713.20828,21094513317.61551,9574943434.90263,417976475988.1455,205708478582.7526,488120.8889906635,241501.90867626786,169900639.37928864,84610796.54309054,0.0,0.0,0.0
45,4.384569869464916,221449.13249674957,10.0,11.406217048874115,2525896.870542808,63093.960421600146,22789.317280697374,44626397.75355523,69311.92312185444,158081.46565198453,509018378.8864392,112721678429303.75,9882477068979.7,2815656173621.3994,1017005137500.3707,46247087577486.96,24789312136789.387,9238617.902697062,4871137.001102712,4663051028.461665,2326560803.501306,0.0,0.0,0.0
46,3.88730199700428,241750.51970512044,6.0,9.334748282297786,2256680.2485619704,62628.322473735956,18725.870313112555,5450213.629380337,5908.150118681017,9119.152754122148,50876372.31501409,12299389447865.857,1317591977406.6272,341337736731.5826,102059993602.53468,539751914284.1577,175583880398.9491,850026.034854773,297211.8994768384,209254624.99220097,73248803.58781068,0.0,0.0,0.0
47,2.536559096020543,11611.713209063812,4.0,9.341046068877342,108465.54802445661,2404.658023027475,888.4265725207297,85211.675658213,864.57780391197,1363.3868105314082,795966.1879296016,9242531098.350323,989453539.8069332,204904939.5271369,75704316.94377427,204904939.5271369,75704316.94377427,7462.11563883678,2877.399909008028,7462.11563883678,2877.399909008028,0.0,0.0,0.0
48,3.5147462912499936,65966.84347652283,4.0,5.908879814270978,389790.1498295989,9377.343105054983,5090.378767909407,2129616.2834742456,11072.575346341271,12601.279783871276,12583646.669563752,830103450214.9797,140484064036.99982,19970142572.250034,10840553513.19144,21086753774.659058,11342718671.14761,254283.54063158433,137169.37060820565,32872376.973434135,16909731.42451406,0.0,0.0,0.0
49,5.766712775900412,282253.56156006525,7.0,15.491897708725741,4372643.303612054,85629.91800934523,30288.12706343243,16750064.04326167,31794.86777992995,38594.617611202004,259490278.77281487,73242055373841.19,4727765232569.793,1434306610675.7783,507328068062.9402,4032537198389.3438,1772764132317.8318,3934527.877624751,1655741.4528262464,999822668.041289,475624464.89127636,0.0,0.0,0.0
50,4.226796976539513,423140.7394903421,5.0,9.318034667647892,3942840.079865173,90918.40296536492,27040.131836905082,21327845.02786061,15882.394446769646,18787.742272604486,198733599.35582688,84092282193001.97,9024680116824.355,1939093608625.8857,576707741350.4315,8589635915685.883,2686439276266.469,3423817.2050253977,1084163.0114286507,1311136571.6195774,413445683.8315704,0.0,0.0,0.0
51,3.5940362132951864,367480.7362769519,5.0,9.329731515139631,3428496.6064497936,89897.6278031525,28330.30181752169,12296514.236706428,7460.181881165212,10378.55691821947,114723176.4005631,42158557331709.56,4518732105344.899,1105427460127.6003,348363959629.34546,3953457652146.126,1343172172908.0408,1681258.5895683563,581539.008266905,868793120.7362834,298775669.76665235,0.0,0.0,0.0
52,4.022670333269826,209170.98489644955,4.0,10.941870982794304,2288721.930080967,33496.77586513784,11454.827051546992,62011456.28793674,90413.78960940258,89904.24978316309,678521354.1577924,141926979922458.1,12970997386610.857,2077183852347.8096,710330506992.8816,65129812447180.74,25416849742346.703,7172171.50300226,2776547.3407738726,3257616265.4865866,1270249001.5591753,0.0,0.0,0.0
53,3.66318619580679,298984.656282668,6.0,9.229832120994287,2759578.184242205,55134.615433087994,22827.074501010477,29940250.043421526,29546.52765572882,48394.80071673738,276343481.5613726,82622460850582.78,8951675368249.521,1650744172114.542,683448318320.0653,9740584490338.969,4900035823782.692,4271367.405334922,2096514.3782159614,1255478780.724771,636345731.1303484,0.0,0.0,0.0
54,3.8112610445607507,82431.6890898871,6.0,6.4933814973736865,535260.4047335333,15694.772981501172,7247.486712699476,3958093.2117438605,17831.355163900378,28071.583062013193,25701409.226017974,2118610574491.0693,326272309019.2626,62121374397.940735,28686227959.739624,87307722826.47214,42102439940.82208,631009.3373883164,320912.06458788057,72327254.14088461,38365376.3385002,0.0,0.0,0.0
55,4.038624809560796,38341.261929204615,4.0,8.156173287083071,312717.9763400338,5096.744509665725,2159.2678964956276,1338028.6079313941,13820.44893067474,13688.27220390173,10913193.189362984,418425598557.3781,51301705325.466606,6819589961.250006,2889162217.698994,8351039263.114498,3389725524.7570553,138609.72691375425,64655.27696815445,22663533.50588422,8264141.977212396,0.0,0.0,0.0
56,4.341193468634029,103730.84181386363,4.0,9.776010045243769,1014073.7515739233,18315.495244166967,7905.827961599745,4310880.094580385,17572.173249443018,16191.098946780789,42143207.10845925,4371550350096.48,447171221169.4514,78955903870.46109,34081076390.83736,84593848642.30157,35454156389.22145,667736.4599375762,284982.0240292699,54443672.47551396,18099362.307608284,0.0,0.0,0.0
57,3.5439734129030773,660045.9810127461,4.0,9.524714743511126,6286749.6867473675,144948.51258773587,47702.96615231833,20372560.215391405,6924.313010080956,7815.31033485812,194042824.6466067,128077186552353.8,13446826493109.262,2952972300825.068,971831550390.8833,7960371806974.527,2700914195586.989,2456886.829697083,846828.1484392494,1119350396.5838993,386336281.8622106,1.0,1000.0,3174980.95756844
58,3.184977724053415,232422.6914190289,4.0,6.770502866776116,1573618.498556356,35792.779662912275,13503.054807501218,6954841.497639003,7020.924007702858,8817.548649938515,47087774.297738366,10944267235212.127,1616462979274.0068,248933109315.47165,93911605920.10332,284049138552.7998,125880787137.12332,588364.2687145553,302686.56767658977,88484108.94936223,54072166.32755526,0.0,0.0,0.0
59,4.179157388659529,177138.18875596006,4.0,9.735842361672196,1724589.4819601614,39108.55484307587,10506.9381438292,14579657.979526794,24549.027143137893,23496.628492388063,141945251.77576903,25143924802068.445,2582614207174.7563,570189353685.6123,153187564549.07382,4915781371146.601,1301362029220.9211,2165655.560797182,579336.530705625,1055053212.6623241,277388176.97066236,0.0,0.0,0.0
60,3.962007379861877,508952.0325008767,6.0,10.894097677356424,5544573.155153632,106681.0107101609,46190.26735494111,46639974.60888149,32728.998157449347,49564.26632187193,508100439.05857843,258598751173451.3,23737509872979.516,4975599630771.719,2154312896611.901,14148668519145.629,6650899865808.648,7740001.8379847715,3840920.7339070663,1886904784.5195534,983634490.6003708,0.0,0.0,0.0
61,4.446910576948806,53874.37470812591,4.0,8.668527225983137,467011.4839402068,9654.242862555857,4418.10793084259,4093874.8243237925,33342.665305842325,29991.75695475306,35487865.37441773,1911886556772.9077,220554946293.78314,39523261802.92509,18087180829.22176,126577229494.55855,58394992016.3439,632409.9077164015,297482.43537418905,148887906.3892276,67158959.49789943,0.0,0.0,0.0
62,3.922551075207458,860592.2709297204,14.0,11.839335751466798,10188840.840654239,208016.8060693267,83727.40952193367,73835747.32176675,27704.65755172588,98880.85541464841,874166203.002862,752300677812243.9,63542473463432.266,15359076331615.762,6182075853367.582,54722171303076.375,30709492451185.527,13988411.928045772,8610922.05129764,4788175596.259627,2917340078.486253,1.0,43.0,136524.18117544294
63,3.4026962587142493,658769.8112107047,7.0,10.340167441582123,6811790.153378131,178243.43812022853,55466.22352197588,13712984.07418995,4070.230251662092,8373.245683821497,141794551.45087308,93409969889998.22,9033699929689.514,2444249428271.5557,760607439812.3152,3620054728931.7,1275654221817.455,1969165.0150589703,734351.5162383765,737056438.1086087,282135289.1202717,0.0,0.0,0.0
64,3.3393911449544227,282903.5139803088,4.0,13.081683141538544,3700854.1295182193,67929.89467066286,19309.720187870447,3807714.0796894706,2306.8662337143137,2763.217764651285,49811309.0840727,14091794375843.443,1077215693376.4487,258657616369.30573,73525893434.2183,285875852521.7425,109244849380.76862,262668.9913344648,114600.37029729909,108721740.42909302,52057663.12794278,0.0,0.0,0.0
65,3.6828128429298084,72594.43660184222,4.0,12.341506378981677,895924.7024002166,19986.62529858007,5163.134897091575,90049.19946979378,244.02821803009905,265.045473053109,1111342.7696786535,80677302236.35274,6537070901.956588,1799779608.2398634,464936164.2376524,1799779608.2398634,464936164.2376524,11852.218324689533,3078.5061555580587,11852.218324689533,3078.5061555580587,0.0,0.0,0.0
66,4.574046525803301,187412.32044472336,7.0,10.282427670907584,1927053.6296098225,43810.21762414402,17608.945910437564,12631500.760833269,28773.442316121105,44034.11619812395,129882492.9482822,24341579388582.984,2367298868287.0513,553388797251.6462,222427413665.16397,1572704583265.6606,896385473112.816,2350399.785380019,1266239.6244527432,569189122.4855958,371217659.7016868,0.0,0.0,0.0
67,2.080621331185959,24515.18364542642,5.0,7.296318596302381,178870.59032389277,4560.721957959622,1923.1635000935516,27369.373971812936,118.38940396457332,284.5049269419224,199695.6722796931,4895576079.133566,670965229.179348,124824104.84885581,52635781.043001115,124824104.84885581,52635781.043001115,1916.3743865593474,941.316263091742,1916.3743865593474,941.316263091742,0.0,0.0,0.0
68,4.313221346285482,49513.95876021692,4.0,8.65249477642058,428419.2695326809,10265.466804159447,3631.2560045518558,5335255.246114116,38353.561359035004,35568.36830742744,46163268.14787289,2285726155310.6133,264169608231.32532,54768885620.701996,19373677648.268673,156114593934.3181,57897846642.07057,811506.8451841483,293077.1009728359,169836201.75155115,63087093.973922685,0.0,0.0,0.0
69,4.4548416206068895,1096948.1456185007,8.0,11.349141262088153,12449419.46181001,340323.1707646427,107225.27019565819,65168113.40491255,19891.306881304157,35720.78843708807,739602124.816133,811305179312560.0,71486041152974.97,22178218986709.652,6987668567983.042,108604304685381.08,37742034019171.32,12794028.124667471,4633096.80455087,5484846782.688318,1931362869.5037506,0.0,0.0,0.0
70,2.2933099498458103,191686.89570459168,5.0,8.130819247482988,1558571.501085158,13390.636797149686,6721.845803635568,4720785.756479339,4167.138162596016,9085.422933947919,38383855.69202574,7357682142777.436,904912766945.9769,63214327462.17235,31732393927.053204,88386813189.0499,51286332633.301216,183669.97832135443,138529.47082984337,46901963.99176626,32520872.679738864,0.0,0.0,0.0
71,5.155606173041641,102600.56142820229,7.0,12.492608708025305,1281748.667146245,29036.373966570525,11521.82744527033,4977269.186253749,24117.330584153922,32745.1920148273,62179076.378379606,6379608145508.818,510670612888.92615,144521849424.35202,57347236712.676765,376823504990.6274,184004897468.68512,1176546.4198963756,572588.323410931,422828209.3904616,220053444.80762798,0.0,0.0,0.0
72,4.909547782536195,30517.8882755625,5.0,10.222474620604448,311968.3383713797,6593.52267194611,2758.101959661396,759473.4917692004,11912.688170640573,12132.164405258793,7763698.494632493,236931683264.34717,23177527170.063797,5007605686.722301,2094705325.9595149,5007605686.722301,2094705325.9595149,130055.8642779337,64158.4874805871,130055.8642779337,64158.4874805871,0.0,0.0,0.0
73,4.329117528382311,53533.68899359862,4.0,7.6557744767674265,409841.8498443976,9130.108867358294,3797.0380769828616,2634900.462393996,20701.985076755904,19128.13402826857,20172203.708818644,1079892479663.414,141055941882.88937,24056928076.30989,10004817384.76975,41316778519.02318,17090556037.136566,388612.45604817243,166595.9857405944,62997593.42789363,25749112.639441766,0.0,0.0,0.0
74,3.6614935727753983,26020.46753171773,5.0,8.147276813199333,211995.95178976996,5320.150161242654,2124.317215954394,4189306.383369342,43453.59319290027,59338.61732817765,34131438.760612994,888115994081.3425,109007710728.87979,22287739030.977283,8899415673.099133,81834495964.94116,35016221368.16371,571993.9670689378,244902.48867743424,82759978.40091315,35341543.262396336,0.0,0.0,0.0
75,3.9342081984675046,257106.8447837164,5.0,11.603138573647625,2983246.3482587724,53166.88959408986,18455.445462696993,26400936.38886675,29053.644863859758,36924.38655785559,306333723.394077,78760497072698.88,6787861454277.133,1403655670167.4678,487241041688.8628,5956860375268.061,2511748082095.194,3563179.087083416,1458154.6379657534,1006297345.928584,427558768.5758522,0.0,0.0,0.0
76,4.27884803317775,403183.8609199415,4.0,11.242052062603847,4532613.955263611,103916.10333375484,27681.30529115449,12766050.712458624,8496.498830681443,7942.79092391266,143516606.74330077,57863579612892.92,5147065614948.838,1326598244999.805,353380947133.9274,2714941307537.8,763283104735.3438,1658614.30740101,469876.8136882633,607973546.251742,179525177.448503,0.0,0.0,0.0
77,3.7388931702342085,261050.60972146274,4.0,10.057363960311056,2625480.9940298665,50501.23005035346,13886.9603472219,7368118.95957065,6475.930807572141,6928.179557659286,74103854.07927045,19344856290103.855,1923451946896.1877,372099070615.6484,102320775825.17151,1239449335951.4185,389819495184.9129,705950.5820667355,235329.68754827994,466875367.363042,155402081.5111834,1.0,20.0,63499.61915136881
78,2.9812578889931864,56731.38938275854,4.0,6.066465323827137,344159.00646303967,6794.286729015472,3093.6770988973803,8639651.551338864,33846.29348959424,45412.09751032255,52412146.54614655,2973413894095.643,490139436290.359,58700269878.57958,26728292146.83027,389544286998.959,259600913064.1696,360018.3754316407,231903.6311470583,114386500.11950016,81596109.01644625,0.0,0.0,0.0
79,5.051791651465737,56484.072918002654,5.0,10.271227134605288,580160.7424284125,13473.128334459121,5226.043278975086,5696708.851346416,48124.726113817385,47631.34491092322,58512190.53189544,3305006836595.646,321773318152.08215,76752489438.23947,29771247004.85682,113851425550.78073,49162865791.47041,1140935.1480837865,479539.4179893462,103223442.3658236,51589713.797799446,0.0,0.0,0.0
80,3.524402532531735,292735.8514395183,6.0,7.403178908972734,2167175.881277217,31814.781661163972,13999.865663646875,23167739.796078403,23770.725126735073,40467.667766075814,171514922.6268959,50208566909767.47,6782028035134.223,737076583194.8939,324345244875.4233,5035636281384.453,2457068598799.691,2424141.800008552,1317433.3740092234,1067621880.2710718,483907721.81190103,0.0,0.0,0.0
81,4.201074744935746,959430.8158709811,5.0,10.718229136686451,10283399.325303202,215792.40534836956,69037.60627081341,66950013.48085172,22006.26013672748,26191.22661796875,717585585.1920156,688473723458030.9,64233906056506.74,14447304447138.76,4622068670516.691,71081722428710.1,24670834390536.29,9890353.954774776,3748945.7366400314,4351262688.034992,1503193703.9573147,0.0,0.0,0.0
82,3.2701896496537457,19557.393296059447,4.0,5.760198832554471,112654.47403177025,2691.3660816650327,1366.0996891393002,1691258.4697499883,26336.837822217352,32214.44704285692,9741985.063001743,190527833361.46155,33076607058.19218,4551795680.813826,2310427669.7796674,4551795680.813826,2310427669.7796674,194321.3798350626,101631.01187377001,194321.3798350626,101631.01187377001,0.0,0.0,0.0
83,4.889268143735845,22771.47681742586,6.0,9.715193133428178,221229.29521467467,6067.581766376184,2537.3972138642707,3469769.539368767,72809.58658772836,89350.28856743604,33709481.2034537,767614669751.8987,79011776627.54628,21053110390.601418,8804183561.945423,63939473474.24897,29832323946.225674,741434.4469769917,342450.8088017023,136024945.08590293,67469093.45337313,0.0,0.0,0.0
84,4.233622333233145,18041.576473940993,4.0,6.168256066018737,111285.06352592746,3014.339101261999,1352.906483436858,2369831.1124699665,52805.10486180842,49891.18131515719,14617725.134932801,263726805896.93958,42755489245.95156,7143474585.705442,3206159876.7109995,7984711323.638687,3695275204.523054,316078.80834267935,150473.60555246798,11541452.84519271,6192247.527910266,0.0,0.0,0.0
85,2.4980047331693225,17826.97516470033,6.0,5.568524355748398,99269.94539395558,3007.5976987358645,1369.0358647010214,569360.2475775325,5306.957437787812,12746.871214422368,3170496.4058304275,56520360686.51069,10149970993.332304,1712406570.365869,779474598.8686949,2124476005.5038772,2390242760.633686,29924.780892739276,25582.909996837225,4609755.63285722,8448752.079052925,0.0,0.0,0.0
86,4.732253807645113,1674328.5333521275,8.0,14.486847429379504,24255742.009329025,628310.8025486569,162929.5888912828,68542745.61894771,13523.521740325858,22861.870542071367,992968298.1724659,1662555154344263.0,114763074744100.69,43066147508729.48,11167641365174.926,132100466090759.98,37620179397294.15,15516131.86888845,4712053.258605188,7088117590.215834,2010989469.7507093,0.0,0.0,0.0
87,4.704718679429691,304551.20332034497,5.0,10.430843304267444,3176725.8799606133,75402.52627521966,25279.680694755672,11804663.697689643,15358.855587086846,16322.820378442539,123132597.29017499,37500180672682.24,3595124533923.3735,890101464635.1749,298418128986.568,2168229262098.2266,783962823073.4863,2030963.2789212917,768532.6643086621,571257266.6245191,211086036.99190983,0.0,0.0,0.0
88,5.323524509890558,28536.775598712018,5.0,10.522516771606135,300278.6998450079,6995.111205996193,2839.303969248058,4334443.190870014,77954.44109231337,73216.9457917232,45609251.17150374,1301540965906.4954,123691032683.22287,30319912136.208733,12306801756.317448,107310865207.27563,49393869542.28779,832669.2194539432,368907.7966671275,151909664.72341636,73107904.65081309,0.0,0.0,0.0
89,3.7466734530688006,321387.1311548255,9.0,9.466464461996761,3042399.855620248,60823.49683711891,30122.29511076753,25257222.00460221,28789.3407918796,69155.76453952536,239096594.5153294,76842568580170.31,8117346120999.635,1536232562711.3325,760805494900.7992,3594844876767.463,2093421142660.313,4324652.066476153,2635306.3588283216,815113717.9490931,522126294.9939006,0.0,0.0,0.0
90,3.8111472754342883,1147124.8482100805,5.0,9.136532324286945,10480743.255664155,216964.8032431986,85688.95372084895,87659091.74955003,24525.158470734248,32175.55856318824,800900125.2873988,918732434651741.9,100555922317436.1,19018937593918.617,7511415856138.845,80160892725652.2,34437684322270.867,13324458.03165883,6027350.262252832,5387905717.134885,2411810437.30983,0.0,0.0,0.0
91,3.618377381837332,87464.67938375154,4.0,8.775875055352962,767579.0980283096,8492.331715172219,4431.575090283819,14118960.157376468,57661.09039335606,63742.48378048067,123906230.25264248,10837418702696.67,1234910323396.895,119902893129.74112,62569232134.13927,754816795276.9412,590124102654.1497,1016942.3124025017,759696.4905325457,254034015.13106436,237176480.36912543,0.0,0.0,0.0
92,3.899027202336637,39838.99265737785,4.0,7.3882090903938575,294338.8077033732,5809.550531481589,2656.643971590599,2308142.6538878446,21685.568661161888,22247.158109762357,17053040.537379976,679375956754.6478,91954078240.41847,13409271381.629454,6131913267.022269,13409271381.629454,6131913267.022269,290386.5308193498,136756.48656394557,290386.5308193498,136756.48656394557,0.0,0.0,0.0
93,4.628910421362795,27468.327354503177,6.0,9.607988644556553,263915.3773070287,6887.818706987839,2981.248050840719,4506524.293867337,74235.93333810364,96224.71801851963,43298634.24189561,1189341059359.289,123786684534.96927,31040122334.7946,13435066767.158344,148535710587.14447,69025567298.46945,993681.5594016728,458733.31269698805,227036980.19150823,104546087.96960771,0.0,0.0,0.0
94,4.110062163469344,317788.4488223423,5.0,8.622203122407607,2740036.55570107,66619.9976076746,21412.28168009931,25343634.04622829,26545.3392910847,32293.111679699654,218517960.60654527,69442483740975.734,8053914151071.991,1688392839529.509,542665030995.1951,12164656094000.334,4259001615890.6494,3735719.538134145,1357341.9851322782,1650315003.6243472,575890995.8034588,0.0,0.0,0.0
95,3.5557096688670335,532613.1669645461,10.0,13.294137865160032,7080632.870426174,199084.1843598652,61318.82182374581,12094055.689318428,5091.516783131173,14319.270292823145,160780043.6827222,85633568250552.75,6441453302133.475,2407735212510.7466,741593245939.776,5632327579786.107,1891181149916.3037,3045061.1489253948,1131759.4723750243,1637899969.033657,563643145.8955587,0.0,0.0,0.0
96,3.800228082025518,868069.2500344346,4.0,9.09433916627631,7894516.179628261,148129.09040927267,53715.5291078359,70073232.25376078,24372.530204012266,25653.755172528203,637269740.5929531,553194265786163.44,60828418170010.875,10379884155787.293,3764020746807.0327,44763965469892.91,18177672563825.4,7739866.735091813,3358558.6334709837,2846517009.868143,1390217868.6527,0.0,0.0,0.0
97,4.753144912232786,26290.17062227392,4.0,9.99620366657414,262801.8999692343,4881.479824863071,2368.4067504728246,4870941.69639286,86067.99904086342,72430.35979766335,48690925.24515117,1280092732451.409,128057888289.31667,23777403619.02605,11536371194.896402,168863929314.71344,81404758267.38297,791035.721670183,385446.06195905095,209987241.44807282,99790138.10827422,0.0,0.0,0.0
98,4.366227195245088,34647.18452584545,4.0,7.293453894658008,252697.64291896214,5571.305901132732,2262.1414419976886,2108992.778226715,26085.953605861123,23897.935164042097,15381841.592163246,532937503991.00433,73070661950.89644,11749843910.780813,4770839964.500493,12791208857.748821,5493936146.05156,296602.35110667907,133393.43547347668,15761783.965804402,9103590.378292255,0.0,0.0,0.0
99,4.663821279862636,30305.507929820553,4.0,9.603950154214928,291052.5875561618,5755.1554593504925,2383.886647342383,5319049.722502525,77040.67479644324,66075.1518323295,51083888.402705,1548123185074.2444,161196503544.4101,30611958049.017128,12680011610.023977,162243577454.941,73756821942.93005,814869.9484863299,355927.1190489498,153879866.33277276,71762039.26215978,0.0,0.0,0.0
100,3.5855558876706133,459326.606446968,5.0,11.2977126918091,5189340.031341514,124024.37815452651,34610.54437609894,2531484.0212945617,1134.45537271551,1581.9797658383711,28599979.156491507,13136731370405.262,1162777964775.955,313965731549.17816,87616040056.40082,295402102807.3666,83512263284.75082,347477.9954909477,102418.85407159552,106274386.24200313,31949722.613265466,0.0,0.0,0.0
101,3.420282062224603,386408.94053860335,6.0,13.300864893849376,5139573.11187944,96694.79418115175,28226.065026361834,8356151.384645,4391.57877844723,7703.888799611248,111144040.59971553,42947050975315.59,3228891603520.858,807996338284.7946,235861272353.11325,1094084417425.4744,367207580977.9867,771641.7681634245,459812.23376824014,245878613.57834116,99505283.56499268,0.0,0.0,0.0
102,3.5942795779936785,74371.5289520649,4.0,6.856559202880776,509932.7912685946,10966.146992458713,5459.876728739529,4616806.096259389,21891.94177749583,24363.092856250074,31655404.327223383,2354260819411.414,343358928254.02484,50628574287.25995,25207192166.06943,59930222516.32507,28634603658.158535,592974.2624087298,288860.51766021876,40879270.57487576,16749977.126710458,0.0,0.0,0.0
103,4.074330963306906,462152.9160639263,4.0,10.637820017088696,4916299.541460747,71740.819601908,26914.96717044805,41783305.7669714,31766.937196434334,31187.39001080157,444483286.4680259,205419246982875.7,19310276602996.504,2997568601399.6577,1124596302990.828,7238470432422.412,3019806394681.651,4652659.178265148,2068682.2682574415,927159312.350755,459457710.0871735,0.0,0.0,0.0
104,3.2079226108218983,132060.96740603083,4.0,13.02297757611698,1719827.017209055,35242.23780248938,10971.508784643584,801353.9637952984,905.8074347183547,1129.4629510856919,10436014.701038629,1378190197282.721,105827579693.46451,28241506956.041367,8792062053.389072,26973610885.551346,8268995027.4084425,96765.9360424957,29578.860913516295,33138810.707578156,9741215.100624457,0.0,0.0,0.0
105,3.682819402312374,54031.675661713314,4.0,8.955774447710164,483895.50025813526,10083.55952353128,3916.706334749538,10645921.112170411,51656.13284240859,56104.98609839479,95342468.26871394,5151513322282.345,575216956652.9779,107348779217.38866,41696946659.2817,1026072624285.8188,418247806823.6306,1143809.6657258314,456324.09209090855,337696362.61312777,139728184.6543966,0.0,0.0,0.0
106,3.818193524818143,2273005.1328298296,23.0,10.914741540074072,24809263.544099323,756540.6832009917,278773.53002829844,149415362.2165287,570496768.5235074,597661448.8661149,1630830060.70996,3706885098766921.5,339621885241797.94,113038800212016.28,41653047965558.555,516005898990972.0,193458253263176.56,38066237.916901335,15135959.182604713,16866578803.018042,6602726913.055105,1.0,276.0,876294.7442888896
108,3.9488510073523075,106913.29225125498,4.0,8.494372714227186,908161.3524872572,17260.427753136937,6429.9424052842605,33936275.168818906,99709.29641828543,101000.81895481817,288267369.8165209,30819613555694.3,3628238905042.9434,585754625761.9738,218208294785.38397,16531127841940.008,6382365063728.614,4213835.305084572,1660427.8651422767,1687031820.0769792,656181773.6458482,0.0,0.0,0.0
109,3.3662099703142396,133371.6334699832,10.0,14.044198210567917,1873097.6561196581,47167.334104043126,14319.716122308326,689003.9976034538,894.8040610799054,2658.1944351985103,9676508.710216567,1290571772968.104,91893588627.72102,32498481753.983437,9866341652.817064,32498481753.983437,9866341652.817064,99210.80985368181,49342.297905248575,99210.80985368181,49342.297905248575,0.0,0.0,0.0
110,4.663969136689889,451693.07840800966,8.0,16.7903014355727,7584062.942832258,123884.34820875684,41071.37941502529,77459850.15382004,68023.03717756359,116678.36588788558,1300574233.2369308,587460379108926.1,34988078169002.113,9596063048653.969,3181382895098.548,71881209309819.92,31231898343952.58,16630783.749895135,7170724.640400652,4711481676.218117,2145676599.5198672,0.0,0.0,0.0
111,3.7779619527179267,1331515.5088843277,15.0,11.086129866223118,14761353.85038182,388612.5003424241,147429.26791540964,112099187.85471433,26021.902712484807,103317.2238292298,1242746154.4555044,1654735778263862.2,149261807161889.8,43563145678575.63,16526701199332.514,245108012262728.94,129570334573302.23,27338527.197658233,15400026.23474128,11662710980.864468,6257746369.925682,0.0,0.0,0.0
112,3.573498146832062,367138.37493491836,5.0,10.143936728329056,3724228.445881362,74114.35156529697,25921.99870089249,22638751.882934775,15763.744719457964,22056.46130449608,229646066.70883062,84311883741675.94,8311554576855.496,1677856416051.3567,586841696899.2627,4328527769270.8037,1605490084409.17,2924197.4460509475,1128948.6753019025,769576322.5575044,288695974.0081871,0.0,0.0,0.0
113,3.15679763928472,250935.76268953265,8.0,12.661434995331556,3177206.847297463,72577.934524795,25818.901941644282,11264335.300148584,8292.730196739876,21015.55093311303,142622649.16844988,35789123245886.6,2826624569733.4106,817542189879.5209,290832768552.3385,865941990898.5272,323919150537.16406,1705518.0129514276,814101.7277002918,126388535.41335751,63268930.751637325,0.0,0.0,0.0
114,4.409417972046087,370445.8435582897,4.0,9.1193425191715,3378222.532211465,53962.457141900006,17975.740444540603,55171317.130079426,55847.88734959283,50662.36651063308,503126138.14302826,186380986660618.7,20437985114474.19,2977179836094.0845,991745276713.7445,13975087629554.637,6177799356521.2295,6044586.917394606,2730188.909662605,1565998360.225268,691372047.15168,0.0,0.0,0.0
115,4.656190848294954,1419292.5112600876,8.0,15.54370186585086,22061059.655461576,387581.326212072,136947.18522401806,160687576.90533888,46961.58831416837,80686.70695723771,2497679788.9625697,3544938220000251.0,228062674554276.88,62279504162775.555,22005711357654.09,312870314373421.44,126675685101663.94,36425481.15137046,15229669.307507217,10890788672.447289,4514731613.855377,0.0,0.0,0.0
116,4.592623840104299,235656.7653142855,4.0,14.566880962131187,3432784.0482540824,36102.61600705989,12803.804749050598,29294969.462611187,51489.00694570055,44844.95899366427,426736332.9511254,100563303865342.16,6903557743539.725,1057625033447.1974,375087069128.67334,7332608729459.3,3344581358361.6523,3318549.972570797,1564699.7079045414,1237580573.1330326,578844976.9254866,0.0,0.0,0.0
117,3.3161286258506086,292694.1113001751,4.0,10.727008479213222,3139732.2137327567,56838.44464707943,20289.876654786724,6320971.442058677,4342.480700682614,5238.01238206644,67805114.25582805,19846157658716.426,1850111118787.1506,359274185425.2219,128251730897.79991,376006760645.17865,136262843405.6083,726765.8481351733,294841.30757254746,82999062.12892388,32774712.664521452,0.0,0.0,0.0
118,4.039900820902546,2136553.7501373934,30.0,16.590884941036045,35447317.43886857,832377.1252379396,299047.0245647034,197213667.0754935,796723655.5114877,3747059674.4343767,3271949259.2493014,6990695460108361.0,421357599968493.06,164156145257931.4,58976160342420.35,801548857816008.9,303688434671845.06,56697921.52036775,21640292.24692545,19290600858.11127,7394020187.557684,1.0,72210.0,229433813.53814727
121,3.647537339505656,52162.16648911017,4.0,7.299329146035737,380748.8221743304,7732.77915975199,2907.811455858426,11646134.503801363,65962.2833284482,72336.23915404573,85008969.02224973,4434251995206.199,607487606941.857,90056986182.66376,33864763326.62169,2531865666131.5386,1046689522419.823,1230870.6406418593,521867.14758061286,577673455.0306038,236605304.79359818,0.0,0.0,0.0
122,4.293889244202344,26443.742682472493,4.0,7.034138005081935,186008.9353993871,4620.2248267617215,2097.558121772199,2485975.074254045,39682.16220332552,36966.172107866834,17486691.74949676,462413576991.40717,65738485178.61441,11485763756.779352,5214477207.5248165,59250304594.74097,25270624812.488503,414910.20458540507,183112.89876981778,154630869.93179592,65173428.88121055,0.0,0.0,0.0
123,3.020823591852002,6971.782776703474,6.0,12.98236054147823,90510.1976240327,2606.9707597682777,741.9843272742751,468.5896032651243,9.50017804322052,18.86937999725333,6083.399175576088,42412137.59609348,3266904.9253861075,1221599.394043597,347686.1415463927,1221599.394043597,347686.1415463927,66.47190917284925,20.113166998936197,66.47190917284925,20.113166998936197,0.0,0.0,0.0
124,5.305972337259075,71024.3841707827,5.0,12.651267322855933,898548.4705857893,17016.253285589853,7321.884349717526,7547485.91956781,54933.815507653184,51766.02139621269,95485261.9839435,6781781929795.436,536055539474.9573,128429932076.78891,55261819034.19694,1140795429062.2983,557699160850.5894,1576023.7101534167,750521.6197135549,695692263.546755,349513695.5778667,1.0,39.0,135661.32070432144
125,3.248731505623439,387847.88978853176,9.0,11.412843473943976,4426447.257855987,90425.1927275228,31658.516129848842,30895636.092650216,16098.095647228452,44596.748169021965,352607058.753351,136757903662028.02,11982807262208.785,2793743848117.305,978109993581.1069,9224124577401.941,4985039172027.892,4404704.116480837,2528828.184153524,1075020080.804256,643296257.3955631,0.0,0.0,0.0
126,4.214853919775732,191959.3179838057,7.0,8.696357954514607,1669346.9418916674,37853.603053505845,14336.75201322754,34121889.41638141,65342.47131158076,108520.32072452061,296736164.44921625,56961271748801.96,6550014620687.413,1291636457403.3242,489197066785.4337,26246131179797.277,12675511230741.498,4719717.839591654,2338240.687454833,2526792407.0801034,1253037338.2601953,0.0,0.0,0.0
127,2.8428851712949297,32371.401291750393,4.0,10.260113788106542,332134.26073381817,6507.3641570940945,2131.206822446519,109627.7647054745,455.6420272564373,641.0980392133011,1124793.3402139386,36411136586.35374,3548804363.9985056,713387786.6667498,233639440.06986895,713387786.6667498,233639440.06986895,8917.645940483359,3432.085980753708,8917.645940483359,3432.085980753708,0.0,0.0,0.0
128,3.559269729750795,526452.6084024471,7.0,10.020838139531227,5275496.376934939,110184.31302389536,42117.29952461058,46405357.59879109,25884.529791512014,50906.99000024097,465020577.304551,244811295882792.66,24430221551731.89,5113142447650.999,1954468345534.948,12012774731409.525,5171057482198.687,7050617.695211339,3183350.0405303165,1311797040.5077941,620112656.8948154,1.0,13.0,93651.13899331127
129,3.984398008225946,19050.38742933453,4.0,6.082662506563693,115877.07735192544,3155.6432225149492,1419.5991226609544,1199809.5995917697,24144.035246786952,24238.5777695307,7298036.866452055,139030429779.4782,22856837713.657944,3786171031.2601433,1703248654.9406674,5014153604.187624,2264184519.3353577,168742.4915181557,77108.58376586273,14038291.017235523,6393274.5949991075,1.0,462.0,1466841.2023966194
130,4.517323040615733,240465.3137615193,4.0,10.36574318116568,2492601.6864303346,45575.27215677213,18249.123402564906,9229625.514863158,16375.962291652078,14500.58996836317,95671927.74540555,23005780123468.35,2219404795332.893,420642694744.9765,168432574980.19943,532251039224.5541,203368907594.2309,1417800.62636211,560876.2006639485,222036107.0064146,76235471.94651672,0.0,0.0,0.0
131,3.964607664730194,60030.18161298949,5.0,17.090808999714344,1025964.3681657673,12167.380923056966,4319.551029748987,2773232.24660339,13246.720266217753,16706.21835303247,47396782.63854725,2845237469663.3784,166477635418.60037,33742973132.5285,11979118206.54877,49463578581.120865,19137791353.5903,299875.44615972386,141962.95946923224,45648808.107291676,20008774.191954106,0.0,0.0,0.0
132,3.566952206873981,1102957.0740226847,7.0,13.12002653437701,14470826.07745645,275347.3086574301,80644.00720999604,34122109.620076634,6821.653077711481,13387.219333064479,447682983.62432647,493775113708032.56,37635222186041.02,9395431049601.906,2751743654221.7354,13420910223106.906,5912328476970.457,3629559.796998025,2081527.6042850958,1137939458.9491699,681690973.0453918,0.0,0.0,0.0
133,4.004384697354676,571398.9127483944,5.0,9.75405075448165,5573453.996003471,104065.94951485333,42483.38833578493,59501570.73436971,37712.437372155255,47088.92903954551,580381340.9144222,331629267177956.06,33999132824440.535,6192087456097.393,2527828336097.4043,27560289765811.258,11982905386193.893,8403881.48861184,3734450.292497125,2749345373.6195965,1241508416.5647326,1.0,26.0,103500.05951474806
134,3.9344861260035446,663686.3931927808,18.0,10.104808627258633,6706423.991728577,154692.19101608137,60044.915799095215,50244278.785996296,24102.09921903885,110265.42528016744,507708821.7471233,336959436697504.75,33346444166050.434,7772397571428.584,3016913489091.4136,31203233850504.492,21397936795896.168,8950045.159248091,6672172.227017775,2931020836.679071,2104137368.1783934,1.0,3392.0,10769535.40807215
135,4.298060886468112,594945.7739514486,13.0,12.63987228622264,7520038.5999741955,194096.13157201346,79577.20554523359,36494558.84009751,24284.84841609106,73452.43302698058,461286562.88087,274440491166562.78,21712283554138.492,7083452694290.153,2904135010101.061,15860060309023.035,9039473660155.684,8070645.605924324,5075562.004014115,1829187839.1912773,1222780104.7992206,0.0,0.0,0.0
136,3.2026675735383248,156539.61053681176,10.0,13.831384418648625,2165159.5300801825,51245.883844186734,18164.622337290046,9331648.427177934,11286.317154600709,35240.36415097407,129069616.65597582,20204507523462.05,1460772610456.8857,478208571373.94824,169505869464.05383,683993812038.2386,285358360827.10596,1577356.5584415756,730366.6798562935,211389989.35936216,107346197.49546567,0.0,0.0,0.0
137,4.231034080385425,1261542.9990275935,19.0,11.953087968121773,15079334.442944985,440103.7029735311,175269.98943854895,125406416.6749928,530598822.85090953,1254064166.749928,1498993930.283122,1891045298333529.2,158205586989474.44,55191828355305.91,21979981326152.258,186107400974040.12,72856203122197.31,31743442.32441382,12757294.080807932,8538982399.795904,3472309203.0755396,1.0,560.0,1829422.9478254395
138,2.8482842588880977,37751.30840704628,7.0,9.335372024738572,352422.50840041786,10982.984102272505,4138.064728359726,531364.5695754711,2090.438313884895,5137.502744514223,4960485.937752105,187264834484.89587,20059707742.62101,5835968620.158272,2198820983.260305,5835968620.158272,2198820983.260305,72780.09498918314,31342.821838662367,72780.09498918314,31342.821838662367,0.0,0.0,0.0
140,3.2709558884734258,169662.66678913555,5.0,9.036049429148605,1533080.2433877983,36261.8169796164,13452.691407657885,8873966.833204834,11601.260618380988,17733.746669074408,80185602.93746419,13604503232464.916,1505580877919.872,321786161188.8598,119378737368.89572,798044433758.772,324438349872.1301,1090428.4990018224,437955.64586402284,259710878.75115877,110983135.07973365,0.0,0.0,0.0
141,3.336871618139314,748372.7715370574,5.0,10.18834345757298,7624678.830715337,178412.5148070547,56822.61262986942,10489723.77592432,2835.6174295206592,4248.915981822877,106872908.60418628,79980774814341.5,7850223654846.649,1871497998494.0112,596053510713.6788,2213101212996.887,731289352964.5956,1224669.799762001,448937.9362400592,371869431.655717,130852089.091273,0.0,0.0,0.0
142,4.232666643742226,2449379.526417249,6.0,12.766679795125365,31270444.110504825,639331.5985373319,226265.32799437337,167562143.06338364,22817.446633154672,32344.781983087276,2139212226.2752056,5239742629699952.0,410423282622049.94,107127772779054.16,37913503259676.61,385907157714443.44,147511211626756.12,30478955.472697318,12153220.609276805,10283979122.545866,4010746173.240553,0.0,0.0,0.0
143,2.6316219850285463,20082.22034166207,4.0,10.835815127426764,217607.22697049932,4021.1183931236187,1454.8779733342083,2152.1849255394277,14.749315536189016,22.418592974369037,23320.677973179976,468330993.5743454,43220651.89068636,8654190.389489979,3131166.4427092364,8654190.389489979,3131166.4427092364,178.31424470214068,71.0453010653469,178.31424470214068,71.0453010653469,0.0,0.0,0.0
144,2.7250742983002167,77567.96965613162,5.0,14.717082141717,1141574.1809955009,16977.21287841035,6546.959695254309,540385.765994946,1014.8803322399053,1862.1149758612887,7952901.706362282,616890438237.3069,41916626699.301414,9174244185.75904,3537883829.858038,9174244185.75904,3537883829.858038,18410.52020704085,16093.192900522423,18410.52020704085,16093.192900522423,0.0,0.0,0.0
145,3.7143112452395632,153891.9445253862,8.0,15.860180804917615,2440754.0645929766,31645.931809441077,13410.126199096043,4279108.197635872,8072.087200647902,17385.914464747068,67867429.69831008,10444250726212.88,658520281368.705,135416366227.60513,57383380949.88346,136542881532.12888,58372729905.67815,772640.4048896721,396689.96650803264,53191690.678931095,26045872.537486814,0.0,0.0,0.0
146,4.857024805499286,319241.45346133615,9.0,14.34962409240644,4580994.851883639,87693.5828632896,31030.89043599046,15275687.240535628,20063.38340949986,37177.17284067621,219200369.6548557,69977844607878.3,4876632597289.381,1339579744821.6067,474018177095.5185,3357765225297.2466,1649640533656.6296,3281052.0242003924,1733407.761668005,1021259744.504774,539661402.1456037,0.0,0.0,0.0
147,2.93618152540509,343612.98151401494,7.0,15.379350932987293,5284544.627834111,79165.32628797204,32292.05920025774,25248086.121338587,13789.613843249816,32875.11213715962,388299176.84635216,133424637875612.81,8675570149675.773,1998772975942.5876,815312691723.4714,11039460844148.979,5021290786374.978,3502453.6910884837,1616446.8861886363,1383661524.3090289,629812260.7616541,0.0,0.0,0.0
148,3.624167850863735,341284.9423208873,4.0,7.311307683662031,2495239.2211088566,52970.83730822435,19634.229644938543,17710480.33074025,15418.14879606614,17017.03610928681,129486770.92348647,44191885145940.03,6044320258151.8955,938138972250.1492,347731637935.9212,2754541687518.0903,1032549386969.3788,2114837.6753313676,835724.2254786494,602664542.4565408,225848303.11608478,0.0,0.0,0.0
149,3.047361437955365,54326.77195202287,4.0,17.062106243890998,926929.1549330518,12689.21302764614,4647.101452678146,16468.883291021197,48.21002869091781,63.2810116849998,280993.8364296449,15265488071.637335,894701266.8557885,208977168.40721,76532571.46569146,208977168.40721,76532571.46569146,1350.463396837626,613.1141304587783,1350.463396837626,613.1141304587783,0.0,0.0,0.0
150,4.125377981931647,5543944.610875433,58.0,14.083842743551678,78080044.0785304,4696920.223682404,1654207.5188873154,370114258.5434462,1526861212.99409,2220685551.2606773,5212631014.472124,2.8898537621164876e+16,2051892949060095.2,1738397146025930.2,612245789329972.5,5349434352500028.0,1894549129508233.8,187146604.44160202,69233341.49352963,66314741061.36205,23960623488.245285,1.0,55736.0,176965428.41931063
152,3.1547651831710493,63531.13824990143,4.0,18.674996131925674,1186443.7610737444,15272.21825173105,5645.645618605344,73947.15139549358,192.3214333200178,243.84880921844544,1380962.766277765,87734136422.359,4697946698.493494,1129337035.2057762,417479411.28431433,1129337035.2057762,417479411.28431433,5370.391514045949,2689.105220903753,5370.391514045949,2689.105220903753,0.0,0.0,0.0
155,4.36293903110703,85561.44758023768,4.0,9.440442444925276,807737.9213857249,14336.6176562177,6696.4602142038875,6926480.765535638,34655.74917450405,31772.847548328613,65389043.012921154,5594781176071.961,592639720935.9021,99302306438.63052,46382902870.85789,237578882752.31006,126251319986.92767,927861.4272096037,492970.93453684164,216122059.6832641,118559780.29802187,0.0,0.0,0.0
156,3.812024787322559,390628.31374496245,6.0,14.876196850589672,5811063.690683965,131995.1702858309,37410.04594608162,3434958.177830329,1813.8448146980945,2854.93130170134,51099114.02694678,19960760746207.777,1341791920790.3303,453397889607.42175,128501943255.50142,445003300598.65674,126161726842.18474,550002.3690478846,182619.36020465428,16549706.098013267,5080807.688046201,0.0,0.0,0.0
157,3.4297034817332506,305963.72803570755,5.0,9.60559334666646,2938963.1503410586,67561.7288866633,21344.106341440296,5997790.1982606705,4415.2483206010265,6436.778491372259,57612333.623114005,17627284376164.902,1835106249035.8604,405221075293.97394,128017471805.32404,376542154725.0937,131479303629.37805,640352.393776363,256275.6329905233,107400335.04374844,54833675.91325175,0.0,0.0,0.0
158,3.8883845720580252,590016.6177655413,9.0,11.539644275938732,6808581.885906859,136455.07978723227,49736.11202406919,24909131.480003875,12470.2307905513,28863.42002317946,287442516.501832,169595861388426.7,14696801507309.059,3398977523534.588,1238883353711.741,11380772528958.33,4830938755390.225,4606686.36930782,2058245.8248445077,1611043244.7638323,698864305.6186072,0.0,0.0,0.0
159,3.632237436880056,195557.6578535103,4.0,7.450174213086624,1456938.6197118394,38530.77473042363,13056.216204775912,8962354.800853677,12275.037945046164,13517.880544274023,66771104.62585317,13057600832923.533,1752657113707.1086,345326473885.8238,117014441983.85696,893352122534.5077,291019158427.7678,1208581.127379567,398257.199997098,339098756.41192347,108316618.93549338,0.0,0.0,0.0
160,4.17734783752232,490444.2990886099,5.0,10.234298899347534,5019353.5503538335,93150.67942891023,32077.672885669028,71282672.0581857,50316.410269529355,60225.30589572972,729528172.1876411,357792933073962.4,34960180134740.125,6640029333728.192,2286582236698.9004,35649634293355.39,14148483045772.879,9715234.887405306,3900191.2394026266,2448305551.0413876,994347485.5884027,0.0,0.0,0.0
161,4.481811571757134,778302.5905211265,7.0,10.955921954981918,8527022.439109711,177793.46505160548,68760.2215420543,32636830.35913662,16857.453494186128,26329.124410966502,357566566.2726853,278294984813775.0,25401329614914.58,5802615157852.333,2244115685924.6777,9359777985563.72,3875528571699.69,5754288.4388772715,2713370.083535685,1225178635.8188627,553701164.1469646,0.0,0.0,0.0
162,4.4091590565345875,175737.62593993556,6.0,12.456183490864955,2189020.1149568264,32707.14188137357,14156.00791050631,8715035.348455574,21407.22954577268,29131.037376453176,108556079.42973684,19077387680329.027,1531559622120.2017,285043897643.12244,123370109333.07922,515818570586.95593,247588413805.09427,1296508.405690598,682691.9686344466,237696081.65877542,121971058.83814347,0.0,0.0,0.0
163,3.7927082034626154,1249377.0634774852,10.0,11.667712683538959,14577372.610058913,319554.62968274264,114588.82870850235,98354205.00125602,23530.486352949443,62041.38333517695,1147568605.1725457,1433745894069428.8,122881487825131.83,31429541556916.92,11270293149649.852,85916990034152.4,37830953569370.13,17923748.522273883,8773496.620774535,4199522868.81294,1952719748.1448538,0.0,0.0,0.0
164,3.695583197358966,54888.11836122033,6.0,7.846700025819828,430690.5997621894,9279.609408568364,4790.038363697246,2356625.650168696,15692.08316257402,25477.03405587779,18491734.550026376,1014976514686.1151,129350747619.5472,21868565555.77897,11288327273.181017,27297630227.75681,14749287035.642551,289789.0836339713,206907.84114706254,43949249.54245393,24913772.05794904,0.0,0.0,0.0
165,3.890412881261885,628115.1109011865,8.0,8.751582634702103,5497001.297156809,149804.23840587013,66055.06460662364,48201625.961304836,27059.77294915261,55644.01265374295,421840512.7273615,264964400434360.0,30276169636302.496,7220807867057.889,3183961517018.2983,26527763885249.12,13620385988972.223,8839537.751111027,4660022.02575837,2748026007.6175423,1494391927.1682599,0.0,0.0,0.0
166,3.724088337612063,771368.8810801343,11.0,15.881673923423932,12250629.043991065,164567.46363907706,65918.02689220286,36254789.24579175,14052.460221985459,41507.35654701387,575786740.9641212,444143974118271.3,27965816214322.47,5966358710949.235,2389844172475.2476,12765879299871.527,6549724105856.223,5187227.709166882,3253227.9558969275,1277684031.5248923,738980024.8607447,0.0,0.0,0.0
167,4.321863522543011,1110623.1536097282,10.0,17.680726373773417,19636624.083350927,255361.62809297635,93699.1137781976,89191806.84334688,29538.300115399463,68346.21214049569,1576975931.5796676,1751425982297649.2,99058485792507.64,22776165008071.33,8357193257497.782,72172581544089.1,36028144644396.17,15015898.71221221,8201207.4801181285,4301089244.521862,2273030673.5582504,0.0,0.0,0.0
168,2.9876306394328984,97955.40557718008,5.0,13.723943355217788,1344334.437478604,16467.820084554136,5458.853920806997,470557.5730876856,739.9222226178711,1238.3094028623307,6457905.478424151,632586750318.131,46093657919.217804,7749057453.03244,2568705052.815138,7749057453.03244,2568705052.815138,31400.320864024245,12649.908696631455,31400.320864024245,12649.908696631455,0.0,0.0,0.0
169,4.366957965690373,762391.7635391316,6.0,11.91441287923202,9083450.246531041,160180.0181815229,52204.59047363417,70921748.09521651,29765.71771120536,40896.731241835565,844990988.9232966,644214170219906.9,54070156603590.164,11360246899357.168,3702440814985.0225,36852320957657.234,12482698620474.445,12937033.413768923,4583358.437262842,2793468826.489633,966662096.1013075,0.0,0.0,0.0
170,3.2157558766565644,573764.3888664377,9.0,11.937907177834983,6849546.016234749,161475.96559043272,48584.05641365279,16321269.145586982,5029.246566636144,14075.452501943544,194841796.08447948,111793284056050.44,9364563016842.361,2635492694944.9946,792953460911.6086,5245195294546.145,2426516731887.4126,1713989.0827406044,839328.5325022648,1166296039.9163802,605057220.1780094,0.0,0.0,0.0
171,3.9801638450108445,189813.2629209343,7.0,10.728678499296617,2036445.4727811636,38480.224053564845,14990.686591987578,12268050.700936941,16727.938283189163,29419.78585356581,131619971.78342295,24983216309772.816,2328638733224.296,472077339672.54675,183906503152.35922,2275574595054.144,1154741101008.0564,2598656.736782116,1302007.1593669867,945669145.2472639,507416250.52675503,0.0,0.0,0.0
172,2.8727544505489524,66721.90336061773,5.0,6.658564572832793,444272.10194898245,8276.405572031532,3885.824647183498,1948974.9806375469,5943.658757574386,10344.877816547489,12977375.759410648,865875211293.8203,130039320310.3602,16130507389.49864,7573375016.505361,16307505919.86516,7655732197.792584,110865.63918385349,90079.11063516575,8888362.967123529,4199667.01520735,1.0,760.0,2412985.527752015
173,3.1317956450516893,179950.05829266994,8.0,16.308416799445506,2934700.5537213767,52429.39089381033,17786.113834513206,463357.0556723186,406.9376357427203,1039.4998444695875,7556619.990868048,1359814207852.2603,83381129178.55365,24293528195.249027,8241321338.212732,24293528195.249027,8241321338.212732,29712.928542762387,17815.54629706299,29712.928542762387,17815.54629706299,0.0,0.0,0.0
174,1.6492318801894967,7804.865036138045,4.0,4.714437336267435,36795.54713089749,931.8160123070656,507.86204784681115,196712.73586731227,2192.0602380518058,5316.560428846277,927389.8664921712,7238152743.8534775,1535316354.333844,183300077.105892,99902932.87512207,183300077.105892,99902932.87512207,10697.214123371843,5999.174065523669,10697.214123371843,5999.174065523669,0.0,0.0,0.0
175,3.285595861972425,303300.8271546128,10.0,12.755767655865576,3868834.8810160854,94615.30403721992,30141.635311774837,2494572.0459468123,1481.857818035605,4510.164610281708,31820181.41891476,9651087344566.688,756605764932.443,236024692570.0074,75190480867.87683,230456247850.47656,73637816334.203,326507.9169544519,174760.76615246185,6943730.780714403,4333587.001134343,0.0,0.0,0.0
176,2.9660923771331618,249712.57424649602,9.0,15.448133154484031,3857593.0973088504,62379.88878348752,24444.042823808857,25500709.14048407,18314.15471987403,55570.55260638175,393938350.33596593,98371359556812.05,6367847724581.428,1590731400083.4597,623340426267.4866,11112120653506.457,5335544681516.763,4002819.2203276563,2058100.620557283,1435103058.4728527,707178376.2843622,0.0,0.0,0.0
177,3.331429084243425,149642.30882682177,5.0,8.492910608290718,1270898.7520844303,24769.175241349865,8921.144516208593,10639984.195467751,16002.868083373203,24018.02301459989,90364434.64573364,13522342636218.027,1592191800890.688,263543633102.7337,94920836657.94322,696329037060.6724,291205698167.0952,1042045.3609719339,467278.1615466456,248663353.20341465,108686292.76437749,0.0,0.0,0.0
178,3.077650869811631,431680.94416950276,4.0,12.580931979022283,5430948.59523663,93945.29280100003,29995.337756609075,8569335.3961275,3256.3801130509196,4232.293071306334,107810225.72410804,46539620031710.18,3699218794705.459,805048722899.1715,257040109556.50977,1229667136663.0293,430830462225.1537,896227.5942392865,333382.62403913715,290012309.55992293,108958988.07361539,0.0,0.0,0.0
179,4.17419390476434,218583.74078267126,5.0,14.596451719350846,3190547.0189693617,39012.01623392752,13833.812154949184,9097119.97413052,14416.531035279251,17268.640801310783,132785672.48753835,29024789014668.77,1988482514294.2068,354896992112.7662,125847848873.1578,680839155281.8859,261754689030.51166,1205596.585072365,514493.4086748383,561413066.7997524,212483918.24361652,0.0,0.0,0.0
180,5.0251474365751605,651378.9137759849,6.0,15.579744789257179,10148317.237733401,171734.4136449561,57569.26474145293,77905173.92403536,53082.70983597401,63380.48048057114,1213742727.499164,790606419441906.6,50745787568167.336,13378999363752.535,4484943582361.727,75138580263984.19,28305254900194.73,14929970.851276457,5629926.218976478,4761913656.533812,1839248596.538488,1.0,3685.0,11699804.828639703
181,4.219883612379805,135426.0221195369,4.0,9.532031980101431,1290885.1737813496,17744.61059005708,7294.244129327491,16910531.159164645,50218.48931400208,47601.776661969445,161191723.80965912,21829553954133.18,2290125966814.1494,300070790290.4032,123349542631.54631,2293501897570.9062,1474070276614.8696,1401731.6143549145,839895.3297156149,798133166.4334211,488834863.96765924,0.0,0.0,0.0
182,4.009098104273918,731819.0477973786,9.0,9.887491395362197,7235854.538058737,173549.84783591365,66960.48062115928,90454599.79759842,43550.06179553354,97765.26938613977,894369077.1696855,654516326433739.5,66196399092771.43,15698382030931.672,6056883476841.808,76717920536188.34,40986548759148.14,16302372.26085934,8787783.889071567,4397829982.419847,2581442575.9347367,0.0,0.0,0.0
183,3.3818762679935666,34716.38446261914,5.0,6.452971016059955,224023.8227196755,5559.804584581423,3030.459576837241,6237208.802908291,58756.17946817859,86869.20338312384,40248527.62628121,1397283359128.3264,216533338775.39673,34677662097.40112,18901609149.506973,344117950905.33057,196805535258.53665,871642.8787575942,501281.1980729296,310699148.4339789,176641165.9528798,0.0,0.0,0.0
184,4.126237788182238,162534.41907439005,6.0,12.040529576614299,1957000.4800830167,29696.533361547572,12936.047093437408,10663008.959390946,25942.28213677163,37722.9090544491,128388274.75124994,20867513652657.59,1733105966799.6238,316654401297.0339,137937186056.42627,824320026028.367,532542562956.15027,1164964.018240289,789457.4567574066,271757217.71501404,210217567.00274533,0.0,0.0,0.0
185,3.957067324179987,1087029.0183528564,11.0,11.41718284339762,12410809.058613589,259496.5609850752,94010.0416669787,124365299.76972198,37093.680860828805,103114.36628227496,1419901366.844872,1543473988959260.0,135188689725839.61,32272367596120.82,11691587013277.86,176972911554340.06,89891267384541.34,23404841.409714162,12527312.472768262,6625614249.348392,3523866156.2965255,0.0,0.0,0.0
186,3.214041734666336,61411.6942193272,5.0,17.122596641597106,1051527.6691946404,16005.927838638354,5897.122484134762,94198.03725736763,261.22210791098706,406.376347098221,1612914.996388042,99051842559.94968,5784861060.110251,1507726986.8827934,555497363.4717866,1507726986.8827934,555497363.4717866,5552.753181876055,3062.741946150344,5552.753181876055,3062.741946150344,0.0,0.0,0.0
187,2.953764498884346,12437.862552044917,4.0,6.117867066474328,76093.18968448993,1911.0856307781717,759.8542266338044,295719.52274609735,5108.1042568096145,6917.415736750815,1809172.7291218548,22502241737.72562,3678118777.872279,565145330.6606454,224703729.25675353,565145330.6606454,224703729.25675353,29504.26493359875,12023.528082950128,29504.26493359875,12023.528082950128,0.0,0.0,0.0
188,4.064426685666321,1399694.0130121093,13.0,10.332675825384719,14462584.491185946,389160.7262991789,146643.69878961344,113928874.56506145,28118.50607542912,89936.56602779929,1177190128.0316985,1647705974382926.8,159465563637924.1,44336643572187.37,16706951565158.523,170705893178400.1,88581321811119.14,24560244.12320431,13228158.328452935,8147522845.536644,4532413719.962094,0.0,0.0,0.0
189,3.0069310413231425,118155.37047589468,5.0,11.526304235995454,1361894.7472219171,31756.198727413706,9852.388255888627,300560.7512118344,360.92869513668813,600.1612444325766,3464354.659866942,409332108296.4707,35512866909.9475,9544666945.143763,2961241215.4205403,9544666945.143763,2961241215.4205403,30875.526738203866,10489.76618951686,30875.526738203866,10489.76618951686,0.0,0.0,0.0
190,4.481637168571871,43525.85858420894,5.0,9.84454035675147,428492.07139450224,9823.748673509543,4209.56090105772,4965094.291289315,48373.37200283958,53968.416209666466,48879071.125673994,2127503537543.5764,216109991979.9218,48775838457.903206,20900866798.676388,73395900075.45102,32577427707.195633,852834.1741334652,382710.1825803934,65436141.51249614,30876113.647490084,0.0,0.0,0.0
191,2.9964330850834417,77020.51540073918,9.0,14.949361599034791,1151407.535269678,21736.125599195286,8029.476452160437,2588466.771067702,6224.853509202544,18696.790481227385,38695925.74777709,2980380145002.525,199365044805.3216,56263238845.27104,20784032985.487873,67992458131.547195,32340286377.31686,222498.88395005016,141781.63323981914,60722112.28014789,38415857.80461642,0.0,0.0,0.0
192,2.75222201721609,63254.33227540671,5.0,12.783610013456185,808618.715470374,15539.045509202044,6184.911780710018,24361.762459649,55.688520780427226,101.17010988226328,311431.2705246099,19699377066.71575,1540987017.4371672,378558535.5448557,150675351.63554215,378558535.5448557,150675351.63554215,2259.0887933100184,1042.3368006243552,2259.0887933100184,1042.3368006243552,0.0,0.0,0.0
193,5.089253400216688,1008535.6518069112,13.0,13.798336378370534,13916114.173210941,406514.29384910833,142090.79802396544,112536674.05791552,50309.877995284936,128511.66222355077,1552818883.5541632,1566073204863378.2,113497247923181.75,45747766586780.8,15990425823852.105,229341923782649.3,123664292143217.38,27028509.64532522,14413555.6967599,10386881145.883821,5469365008.132638,0.0,0.0,0.0
194,4.050942290721427,79125.59702406108,5.0,9.346693668636131,739562.7167318456,9240.199365135575,3971.5321733974215,7819095.082910655,38254.472157650656,47216.75774704502,73082686.50590493,5782711201902.02,618690566623.2059,72249997421.04573,31053787688.633247,409256532878.1748,229599893265.08136,906364.8668366275,521655.50937912415,273827965.605503,153470851.97604087,0.0,0.0,0.0
195,4.317905235394606,227869.29357937627,4.0,10.602923974944474,2416080.79604643,38066.65255523884,18005.75793179136,10457923.819888994,19256.428150642492,17838.676025397006,110884571.19804391,25267188907750.32,2383039713145.0376,398098152500.87054,188302844770.03604,901272804214.8569,419971343752.5607,1488117.8588410285,711883.1839902893,427487419.743471,195078842.64110178,0.0,0.0,0.0
196,4.064608241982142,43949.510968006165,6.0,10.720643623554011,471167.0445174724,8413.739060903034,3666.1944410756155,2027215.1281926911,18351.52632143184,27089.73445246358,21733050.9376312,955156960551.6592,89095113511.0127,17056459108.928396,7432164833.844436,17819323840.68946,8403585322.281173,262955.3291312549,170069.13678637566,17920240.675812755,13640083.81112919,0.0,0.0,0.0
197,4.0552430821031615,2130032.1529048057,14.0,12.5681955607959,26770660.648490712,491609.00835720205,197838.2638510102,173905767.12735912,28950.334937646407,99945.84317664316,2185681690.4068804,4655572276581983.0,370424875556850.56,85493641725079.53,34405215042154.812,289639122098190.5,180551248616758.62,29440797.710251827,19939728.5921929,8178350295.812446,5645961000.29458,0.0,0.0,0.0
198,4.187062688218028,112786.13465525027,4.0,10.424708016486594,1175762.522089124,19520.086252472447,7378.654614494056,12011601.852382077,36764.13007444412,35121.64284322245,125217442.12137266,14122791288287.145,1354742143948.0186,234467504188.85596,88629461435.54436,778819126043.6094,308831513583.511,1566360.8687481582,646298.4376273184,313459403.80533725,125847627.70974158,0.0,0.0,0.0
199,4.4034179037625,99285.3292490313,4.0,7.2796146832263045,722758.9406302064,18071.6270770413,7297.326481370679,5636063.257449161,23726.521849512075,21552.823164241534,41028368.84451919,4073515109278.7856,559578396184.2079,101852833371.23586,41128193659.26405,153253526196.2326,65636393976.25606,777349.6344784684,337315.64445830946,124688595.05238032,55661903.30712092,0.0,0.0,0.0
200,4.273831600008339,607191.7009623345,11.0,12.546988317809156,7618427.178645082,184804.75221596062,73232.55466312333,29450050.557765365,18490.459335334337,47590.79714050521,369509440.30717105,224363065581751.4,17881826291596.3,5442509296075.341,2156702437303.2979,10457194100081.582,4683313107171.975,6650812.717920219,3338204.788734907,1465838985.8396993,704904860.4161327,0.0,0.0,0.0
201,4.111682152512455,327397.21315352834,5.0,15.492058674516912,5072056.836047781,67094.42936469824,28698.172524782098,14966738.086832296,17290.94404972092,21026.605910132475,231865584.60733292,75912146226654.44,4900068339627.664,1004184751386.9083,429518031749.1404,2201756006630.627,965863285142.5465,2371163.4976927997,1065768.6917184046,602605806.1390717,262879068.61860308,0.0,0.0,0.0
202,3.35723869485555,1031886.2586564004,7.0,12.921495351691789,13333513.494703308,262092.91042998308,84059.05660097189,44213261.27699782,8881.378064075605,18518.08944767455,571301450.0738618,589518115881693.6,45623056762119.18,11587982327689.629,3716525032196.7183,37816683809095.93,14149822331707.559,6738941.362870539,2609882.570363166,3442522462.81983,1295567859.8061132,0.0,0.0,0.0
203,3.85144809766823,2485158.658237902,9.0,14.817544940431832,36823950.102543384,646292.2480292174,217353.82793550074,161497225.72627848,17343.729827459276,40528.5400422861,2392992399.954195,5946965781843665.0,401346228795061.8,104374405065118.47,35102040212570.258,288124199034551.25,127550085820809.25,25403135.53428958,12794240.470423734,7305750392.5214205,3660438683.88648,1.0,9.0,28574.828618115964
204,4.238782855024455,745985.7625071034,8.0,12.859107693797196,9592711.25811826,154473.96358565622,50710.00409987566,47820024.44394804,20591.090993484082,38862.2709824852,614922844.2447422,458723686846950.75,35673057397926.9,7386948714619.62,2424953635608.7593,18472653536452.902,8868074226395.107,5998794.0684877075,3159955.516353363,1484424297.6030366,813422214.7098814,0.0,0.0,0.0
205,4.3837970146537515,1235476.8075598194,8.0,11.404339114643786,14089796.481689682,354101.2038586568,111794.46297404755,111362877.31379648,31154.578756316077,56854.0535105534,1270020017.6690063,1569080276966769.2,137586252144325.11,39433728921979.234,12449753064540.62,148093269553435.5,54736696310812.32,24077224.874701746,9390128.372450918,6294062947.78659,2432463509.108172,0.0,0.0,0.0
206,3.960364532606363,589120.2261590605,8.0,12.617565110329561,7433262.811374023,136442.4788773544,49011.460362292644,48465435.72779973,27669.135463988943,55892.0982877898,611515790.8960056,360256321032491.6,28551968456858.785,6612744190572.093,2375361782114.2983,26678921552280.5,12360780131909.75,7471302.966741652,3741841.4289815202,2468609372.8407226,1137097182.4966285,0.0,0.0,0.0
207,5.301665629635735,564504.1879512403,11.0,14.8681552679391,8393135.915860917,135876.38842193427,45672.14823537212,76630841.95104745,406271100.9419165,383154209.7552372,1139359256.4410748,643173071841997.9,43258431207595.88,10412322046040.379,3499895172989.612,91004258358856.7,32820170417046.88,14648765.80971863,5228897.738670466,4930543507.347023,1810087837.7497337,1.0,709.0,2251061.4989160243
209,3.733679592075437,713695.0769264286,8.0,12.789751558526504,9127982.722432483,156191.01837529175,60179.72207203685,92919695.51988845,35466.40470910559,75992.39052945282,1188419820.5933015,848169375279228.8,66316329242047.11,14513221870373.41,5591881451405.174,119950098738603.1,57167286049132.98,13891871.97042475,6816672.434023935,4539802679.204231,2283500042.9895277,1.0,1669.0,5299043.2181817265
210,4.3230274779851685,55279.6594409451,7.0,9.61882607608229,531725.4297075112,15792.01937707982,6670.778328316599,9286201.356806006,64853.802312722975,105013.58561816163,89322355.75859635,4937709406798.147,513338048504.2783,146647871766.14536,61946190763.36571,511743758328.97217,224640660992.3204,2105358.837135559,969781.2397085625,365686052.9123914,158870513.84312287,0.0,0.0,0.0
211,4.122134401635719,417385.5497910926,4.0,9.402514880380672,3924473.8427666156,77656.88999241532,23208.893808432138,16423338.138264088,11977.920581994751,11623.0276987007,154420681.23055148,64452960934528.78,6854864018244.375,1275385363111.4133,381167510830.94476,2152874028443.9297,691250487575.0977,1975508.75211439,673120.4020236739,436116371.418964,146558139.31378144,0.0,0.0,0.0
212,3.691638105741958,430139.64584015193,5.0,10.845781112373334,4665200.446536075,88374.12461335673,30104.1539443334,15658640.915941508,9551.559069633151,12936.748939145331,169830191.8915547,73050698593198.39,6735402257921.192,1383818683581.2212,471390136692.54095,1881059767455.8428,661971848159.5812,2076219.7853497632,777006.9601972725,314810011.69865716,117770865.82844624,0.0,0.0,0.0
213,3.355783979352796,74599.07903771626,5.0,11.289852195673594,842212.576269189,16050.714773244423,6160.310968473324,3221366.550233961,8934.058066857942,13311.43202576017,36368752.22022836,2713075421379.934,240310977890.35864,51705235677.87566,19844619692.87934,57725497845.13435,22088771730.789627,452258.74640091945,189599.11851003297,46774646.26352725,17608148.17338416,0.0,0.0,0.0
214,3.3814485580230578,77232.19804922667,4.0,5.885767809422045,454570.7851290464,12551.93704738159,5130.470206004093,3935594.530109342,14340.528500863866,16963.76952633337,23163995.596255045,1789006295501.3843,303954616190.8579,49399334785.9518,20191450479.638657,172048052662.94702,69578410275.46144,474154.315797595,192756.3124418303,154426977.40254205,62166234.64002323,0.0,0.0,0.0
215,3.014469573053622,7540.676223479787,4.0,9.090945470845796,68551.87636095815,1905.1447701698892,622.5254552126429,305.6424327641434,5.8313279354531495,7.737783107952997,2778.57868983548,20952362.261510022,2304750.6256310954,582293.0823226097,190270.19458879795,582293.0823226097,190270.19458879795,32.34393360294219,11.106741424893453,32.34393360294219,11.106741424893453,0.0,0.0,0.0
216,4.849882124083428,41253.17795868076,4.0,9.684191601113545,399503.6795066986,8492.143599270083,3226.978829518721,4313060.477108678,45772.06763242915,37751.07638607158,41768504.04751064,1723083530539.834,177927451408.71683,36627128923.94323,13918154850.063618,79209444924.93945,30694190607.797775,687121.8854454147,270666.1284302892,82951936.36262824,33316881.700433124,0.0,0.0,0.0
217,4.183021155318306,902102.8340676397,8.0,10.477833434480907,9452083.236133896,245196.15106129315,89027.77109733164,180665799.23420504,68237.36887035391,130503.51186217972,1892986151.6833684,1707668172284361.5,162979129508271.56,44298558600639.4,16084273419339.281,825133429125442.1,331644622860107.1,40285435.0052495,16461936.212832712,17477520977.726746,7121521414.939807,1.0,6340.0,20129379.270983912
218,3.1981981673964603,81957.33756387938,7.0,8.533883109051636,699414.3386992335,15776.71155976674,5319.460241953811,4577093.061229571,11182.926386881181,24476.43348251107,39060377.16378448,3201284516584.7305,375126361080.482,72211477009.2287,24347664562.933365,102348929126.31323,41235946374.45024,528984.3699127663,253783.14554946503,81906130.27903226,38111746.47627948,0.0,0.0,0.0
